nama,jurusan_sma,nilai_sem1,nilai_sem2,nilai_sem3,nilai_sem4,rata_rata,ranking,target_lulus_snbp
Siswa_1,IPA,85.9,84.1,86.8,87.5,86.08,33,1
Siswa_2,IPS,78.3,79.2,78.9,79.2,78.89,18,1
Siswa_3,IPS,86.9,84.9,83.5,82.4,84.42,73,1
Siswa_4,IPA,88.1,90.6,89.5,88.1,89.06,33,1
Siswa_5,IPA,87.8,89.0,89.0,90.9,89.17,32,1
Siswa_6,IPA,90.4,88.5,88.8,88.7,89.09,61,1
Siswa_7,IPA,89.2,89.6,89.0,90.6,89.59,54,1
Siswa_8,IPS,87.3,86.8,85.2,84.4,85.93,17,1
Siswa_9,IPS,84.6,86.3,86.4,87.7,86.26,19,1
Siswa_10,IPS,76.7,80.4,81.7,85.3,81.04,91,1
Siswa_11,IPA,87.1,84.4,86.6,88.8,86.72,70,1
Siswa_12,IPS,86.0,87.3,87.2,87.3,86.95,99,1
Siswa_13,IPS,86.4,87.0,87.2,88.7,87.33,34,1
Siswa_14,IPA,78.6,81.0,80.1,80.6,80.08,84,1
Siswa_15,IPA,79.6,81.0,82.0,83.0,81.39,25,1
Siswa_16,IPA,90.3,89.8,89.1,89.4,89.63,68,1
Siswa_17,IPA,84.8,85.2,87.3,88.0,86.31,74,1
Siswa_18,IPA,88.4,87.8,85.2,86.7,87.03,74,1
Siswa_19,IPA,85.1,88.3,88.6,87.6,87.4,88,1
Siswa_20,IPA,85.1,86.2,87.8,86.8,86.47,85,1
Siswa_21,IPS,89.7,94.5,95.9,94.1,93.53,11,1
Siswa_22,IPA,82.4,83.3,89.7,87.5,85.72,91,1
Siswa_23,IPA,85.5,85.1,86.8,85.3,85.66,16,1
Siswa_24,IPA,82.7,80.7,79.7,81.0,80.99,90,1
Siswa_25,IPA,82.8,80.2,81.0,80.2,81.08,61,1
Siswa_26,IPS,83.5,81.3,78.7,80.8,81.06,94,1
Siswa_27,IPA,86.1,87.6,88.5,89.6,87.95,80,1
Siswa_28,IPA,82.6,84.6,84.0,81.0,83.05,7,1
Siswa_29,IPA,91.3,89.1,91.9,94.3,91.65,16,1
Siswa_30,IPA,80.5,83.3,83.2,85.8,83.23,99,1
Siswa_31,IPS,84.1,84.1,84.9,83.9,84.23,16,1
Siswa_32,IPA,82.8,84.1,83.8,85.7,84.1,40,1
Siswa_33,IPA,92.2,96.5,100.0,99.3,97.0,12,1
Siswa_34,IPS,86.0,88.8,89.1,90.3,88.56,35,1
Siswa_35,IPS,90.2,90.6,95.3,93.8,92.46,21,1
Siswa_36,IPS,77.6,76.8,79.4,76.8,77.65,50,1
Siswa_37,IPA,86.3,83.0,85.0,85.2,84.9,43,1
Siswa_38,IPA,89.4,89.0,90.7,91.5,90.18,100,1
Siswa_39,IPS,85.4,86.0,87.8,88.0,86.79,17,1
Siswa_40,IPA,90.3,89.4,86.5,85.1,87.83,32,1
Siswa_41,IPA,82.4,83.2,83.6,83.8,83.24,41,1
Siswa_42,IPA,92.0,93.2,95.9,97.4,94.64,6,1
Siswa_43,IPA,96.5,97.0,97.9,98.9,97.59,88,1
Siswa_44,IPS,83.2,82.9,81.1,82.4,82.4,27,1
Siswa_45,IPA,82.8,84.1,85.0,84.7,84.14,20,1
Siswa_46,IPS,92.3,94.2,98.6,100.0,96.24,25,1
Siswa_47,IPA,92.9,91.7,95.2,93.9,93.42,66,1
Siswa_48,IPA,82.4,86.2,87.1,89.1,86.18,9,1
Siswa_49,IPA,82.9,83.7,86.6,90.0,85.79,92,1
Siswa_50,IPA,83.6,84.6,84.9,86.9,84.99,53,1
Siswa_51,IPS,78.3,80.7,78.3,78.9,79.03,61,1
Siswa_52,IPS,80.4,81.9,81.0,81.0,81.07,38,1
Siswa_53,IPS,80.0,82.9,87.0,90.1,84.99,3,1
Siswa_54,IPS,81.2,82.7,83.2,81.3,82.11,84,1
Siswa_55,IPA,84.8,84.6,85.1,84.2,84.68,70,1
Siswa_56,IPS,86.2,87.9,88.3,88.5,87.71,97,1
Siswa_57,IPA,92.8,91.5,96.3,99.7,95.06,55,1
Siswa_58,IPA,80.0,81.2,85.5,87.2,83.49,1,1
Siswa_59,IPA,89.9,90.9,96.3,95.4,93.11,70,1
Siswa_60,IPA,83.9,84.5,85.2,85.6,84.8,45,1
Siswa_61,IPA,84.8,85.5,87.1,86.9,86.05,98,1
Siswa_62,IPA,88.4,85.6,83.6,83.2,85.18,47,1
Siswa_63,IPS,79.4,79.3,83.2,86.2,82.03,79,1
Siswa_64,IPA,86.9,88.1,86.8,85.0,86.7,26,1
Siswa_65,IPA,85.8,87.2,88.6,92.8,88.59,14,1
Siswa_66,IPA,87.5,86.4,85.2,87.9,86.74,54,1
Siswa_67,IPA,86.4,90.0,89.8,93.0,89.8,71,1
Siswa_68,IPS,97.3,96.5,95.9,95.9,96.41,46,1
Siswa_69,IPA,81.8,84.8,84.5,85.2,84.08,31,1
Siswa_70,IPS,82.3,84.2,84.1,82.3,83.23,88,1
Siswa_71,IPS,81.9,81.6,81.5,81.4,81.6,59,1
Siswa_72,IPA,82.2,86.8,89.4,91.4,87.47,95,1
Siswa_73,IPA,81.8,80.4,79.2,82.8,81.07,29,1
Siswa_74,IPS,90.9,93.8,95.2,94.0,93.49,96,1
Siswa_75,IPS,92.1,95.1,98.5,98.8,96.14,17,1
Siswa_76,IPS,82.1,81.8,81.8,82.5,82.05,14,1
Siswa_77,IPS,80.8,84.6,84.2,82.4,83.01,36,1
Siswa_78,IPA,87.4,87.9,88.4,90.6,88.55,58,1
Siswa_79,IPA,82.2,83.8,87.2,86.7,84.99,24,1
Siswa_80,IPA,88.2,89.7,91.1,91.7,90.15,63,1
Siswa_81,IPS,86.0,86.7,86.7,86.8,86.56,91,1
Siswa_82,IPS,77.4,80.0,82.0,81.4,80.23,25,1
Siswa_83,IPA,92.7,95.3,94.1,95.1,94.32,59,1
Siswa_84,IPA,94.0,91.5,93.8,94.4,93.43,32,1
Siswa_85,IPA,81.9,85.5,87.4,87.6,85.62,82,1
Siswa_86,IPA,83.1,80.7,81.1,80.7,81.4,18,1
Siswa_87,IPS,86.4,89.5,88.8,90.5,88.8,37,1
Siswa_88,IPS,86.7,89.9,89.2,93.5,89.8,26,1
Siswa_89,IPS,88.3,87.1,89.2,90.5,88.76,9,1
Siswa_90,IPA,95.1,95.2,98.7,100.0,97.24,99,1
Siswa_91,IPA,84.1,82.9,82.6,80.8,82.62,64,1
Siswa_92,IPS,81.0,81.6,83.5,84.8,82.72,72,1
Siswa_93,IPS,78.1,78.5,75.3,74.1,76.51,20,1
Siswa_94,IPA,81.3,83.9,83.7,81.8,82.69,54,1
Siswa_95,IPS,84.8,88.5,89.4,88.9,87.9,86,1
Siswa_96,IPA,94.0,97.8,96.9,100.0,97.17,83,1
Siswa_97,IPA,82.4,82.3,81.4,84.3,82.61,30,1
Siswa_98,IPA,86.1,86.7,86.4,87.9,86.76,53,1
Siswa_99,IPA,84.9,82.6,84.1,82.1,83.42,92,1
Siswa_100,IPA,90.9,90.3,91.0,91.6,90.95,99,1
Siswa_101,IPA,97.6,100.0,96.5,98.1,98.07,63,1
Siswa_102,IPS,82.3,86.6,83.3,84.7,84.24,11,1
Siswa_103,IPA,82.6,81.1,80.9,78.2,80.67,31,1
Siswa_104,IPA,90.2,90.0,92.0,91.2,90.84,49,1
Siswa_105,IPS,88.4,89.4,84.9,85.7,87.09,100,1
Siswa_106,IPA,94.2,95.8,95.8,97.9,95.92,94,1
Siswa_107,IPA,87.9,87.3,87.2,83.9,86.58,87,1
Siswa_108,IPS,83.2,85.1,88.8,89.5,86.65,19,1
Siswa_109,IPA,88.0,88.0,88.2,89.5,88.43,12,1
Siswa_110,IPA,90.5,91.5,93.3,96.0,92.83,15,1
Siswa_111,IPA,89.1,91.2,92.5,94.9,91.91,31,1
Siswa_112,IPA,87.5,88.5,85.3,87.5,87.21,43,1
Siswa_113,IPS,90.3,90.5,93.0,92.4,91.55,37,1
Siswa_114,IPS,90.8,91.6,93.1,90.2,91.44,79,1
Siswa_115,IPS,91.9,92.7,94.8,95.0,93.59,29,1
Siswa_116,IPS,88.2,88.5,97.4,100.0,93.53,26,1
Siswa_117,IPS,84.2,84.6,81.5,85.3,83.89,2,1
Siswa_118,IPA,85.7,89.9,94.4,96.8,91.71,84,1
Siswa_119,IPS,91.0,93.2,93.6,95.4,93.3,15,1
Siswa_120,IPA,80.9,81.3,82.9,84.7,82.45,4,1
Siswa_121,IPS,86.8,89.2,90.1,90.0,89.07,86,1
Siswa_122,IPS,83.0,83.4,83.5,84.3,83.54,50,1
Siswa_123,IPA,85.1,88.5,88.4,92.7,88.67,38,1
Siswa_124,IPA,91.4,93.1,94.8,93.9,93.3,23,1
Siswa_125,IPA,86.0,86.7,84.7,88.9,86.58,59,1
Siswa_126,IPA,85.2,87.1,89.6,90.0,87.99,90,1
Siswa_127,IPS,78.2,76.1,76.2,79.9,77.59,75,1
Siswa_128,IPS,88.7,87.5,86.2,84.4,86.71,28,1
Siswa_129,IPA,88.2,86.8,86.9,89.1,87.78,66,1
Siswa_130,IPA,95.8,97.1,100.0,99.5,98.11,8,1
Siswa_131,IPA,83.5,87.9,87.9,86.0,86.32,29,1
Siswa_132,IPA,86.1,91.6,93.3,94.7,91.41,11,1
Siswa_133,IPA,86.2,88.5,88.1,91.1,88.48,18,1
Siswa_134,IPA,92.9,94.9,97.4,96.7,95.47,55,1
Siswa_135,IPS,84.5,81.9,84.3,82.3,83.26,50,1
Siswa_136,IPA,86.4,86.3,91.0,91.8,88.88,14,1
Siswa_137,IPA,88.0,87.5,88.1,88.9,88.14,74,1
Siswa_138,IPS,85.9,85.7,88.0,90.1,87.44,99,1
Siswa_139,IPA,82.8,83.4,84.6,87.5,84.59,9,1
Siswa_140,IPS,86.0,86.0,89.6,90.5,88.03,99,1
Siswa_141,IPS,90.4,87.4,87.0,91.7,89.11,11,1
Siswa_142,IPA,79.9,82.4,84.9,86.3,83.35,63,1
Siswa_143,IPA,85.7,84.5,85.1,85.4,85.19,76,1
Siswa_144,IPA,81.5,83.0,83.8,81.6,82.49,67,1
Siswa_145,IPA,91.0,96.1,97.3,97.8,95.55,53,1
Siswa_146,IPA,77.4,76.5,78.0,78.4,77.59,39,1
Siswa_147,IPS,82.2,78.1,78.9,81.8,80.27,78,1
Siswa_148,IPA,86.9,87.3,88.7,90.7,88.4,56,1
Siswa_149,IPA,92.8,96.0,100.0,98.6,96.87,28,1
Siswa_150,IPA,84.7,89.6,92.6,93.9,90.18,75,1
Siswa_151,IPS,82.2,80.8,83.5,85.8,83.08,39,1
Siswa_152,IPA,94.4,96.4,96.5,100.0,96.82,25,1
Siswa_153,IPA,77.8,77.8,77.1,79.8,78.12,21,1
Siswa_154,IPA,74.0,74.8,77.7,80.2,76.68,10,1
Siswa_155,IPS,87.2,93.5,96.2,97.4,93.57,43,1
Siswa_156,IPA,82.5,80.5,84.4,86.2,83.4,15,1
Siswa_157,IPS,79.9,81.4,81.2,84.7,81.8,83,1
Siswa_158,IPS,88.5,90.5,91.0,89.4,89.85,48,1
Siswa_159,IPA,86.2,89.4,87.1,87.4,87.53,86,1
Siswa_160,IPS,82.2,83.4,83.6,83.0,83.05,21,1
Siswa_161,IPA,78.6,80.2,83.2,85.0,81.75,60,1
Siswa_162,IPS,89.4,89.6,89.6,93.1,90.42,96,1
Siswa_163,IPS,88.3,89.8,92.1,91.9,90.5,50,1
Siswa_164,IPA,84.5,84.8,85.4,81.7,84.1,23,1
Siswa_165,IPA,94.2,96.5,98.1,98.3,96.78,13,1
Siswa_166,IPS,79.6,79.9,78.6,81.4,79.9,69,1
Siswa_167,IPA,77.4,79.1,80.3,82.4,79.79,4,1
Siswa_168,IPA,81.5,82.5,77.5,79.4,80.22,92,1
Siswa_169,IPA,84.8,88.0,88.7,89.1,87.63,78,1
Siswa_170,IPA,86.2,87.1,84.9,83.3,85.37,72,1
Siswa_171,IPS,83.8,81.2,84.7,86.7,84.1,9,1
Siswa_172,IPA,86.8,90.3,92.8,92.2,90.51,35,1
Siswa_173,IPA,78.7,77.9,79.9,85.2,80.44,21,1
Siswa_174,IPA,92.2,91.9,96.0,98.1,94.54,58,1
Siswa_175,IPS,84.6,84.4,83.5,83.3,83.96,18,1
Siswa_176,IPA,90.6,94.3,98.8,98.6,95.59,97,1
Siswa_177,IPS,86.7,83.4,86.3,87.1,85.9,72,1
Siswa_178,IPA,87.3,94.6,95.1,95.6,93.13,81,1
Siswa_179,IPS,87.8,91.0,94.2,97.5,92.63,43,1
Siswa_180,IPA,87.2,88.7,87.5,88.8,88.06,95,1
Siswa_181,IPA,88.2,89.1,88.5,88.0,88.44,98,1
Siswa_182,IPA,91.6,93.2,93.0,97.8,93.91,6,1
Siswa_183,IPS,86.0,88.0,88.0,89.1,87.76,86,1
Siswa_184,IPS,88.5,90.8,89.7,92.3,90.34,78,1
Siswa_185,IPA,84.6,86.7,90.1,89.9,87.8,67,1
Siswa_186,IPS,92.2,93.4,93.9,95.6,93.76,12,1
Siswa_187,IPS,81.6,82.2,83.9,85.6,83.33,100,1
Siswa_188,IPA,94.0,94.7,94.6,91.8,93.76,12,1
Siswa_189,IPA,84.8,85.4,82.8,87.8,85.19,66,1
Siswa_190,IPA,77.8,81.1,82.7,86.2,81.96,2,1
Siswa_191,IPA,85.6,87.8,85.0,85.2,85.92,15,1
Siswa_192,IPS,81.6,76.7,77.6,76.4,78.06,23,1
Siswa_193,IPS,89.2,91.5,89.8,91.5,90.49,29,1
Siswa_194,IPS,81.7,83.1,88.1,89.3,85.56,81,1
Siswa_195,IPA,82.8,83.7,86.6,88.3,85.33,96,1
Siswa_196,IPA,75.6,75.8,77.0,78.4,76.67,7,1
Siswa_197,IPS,82.7,86.0,89.5,91.5,87.44,94,1
Siswa_198,IPS,72.9,75.8,75.1,79.0,75.68,28,1
Siswa_199,IPS,77.1,76.5,78.6,80.8,78.25,14,1
Siswa_200,IPS,88.8,90.6,92.0,90.9,90.59,44,1
Siswa_201,IPS,88.9,88.0,89.5,93.2,89.92,30,1
Siswa_202,IPA,87.1,85.4,88.9,93.2,88.65,81,1
Siswa_203,IPA,80.2,79.9,82.4,89.7,83.03,32,1
Siswa_204,IPS,84.8,87.5,89.1,87.8,87.28,70,1
Siswa_205,IPS,85.0,87.9,85.6,87.1,86.38,88,1
Siswa_206,IPA,79.2,81.2,80.3,77.2,79.48,6,1
Siswa_207,IPA,92.5,95.0,95.7,97.8,95.26,27,1
Siswa_208,IPS,89.4,91.4,92.6,92.5,91.48,82,1
Siswa_209,IPA,83.9,83.6,82.4,87.2,84.26,88,1
Siswa_210,IPA,85.1,87.0,92.8,92.3,89.31,24,1
Siswa_211,IPA,86.0,88.6,92.7,90.3,89.41,34,1
Siswa_212,IPS,74.8,77.3,79.5,79.6,77.79,40,1
Siswa_213,IPS,83.8,87.1,88.3,85.3,86.13,47,1
Siswa_214,IPA,81.6,84.0,84.6,87.1,84.32,79,1
Siswa_215,IPS,80.0,81.7,80.8,77.7,80.03,75,1
Siswa_216,IPA,83.6,86.7,87.9,88.9,86.79,86,1
Siswa_217,IPA,94.0,94.9,96.5,93.3,94.67,24,1
Siswa_218,IPS,88.2,87.4,86.0,86.3,86.98,65,1
Siswa_219,IPS,82.1,82.8,84.5,88.8,84.56,18,1
Siswa_220,IPS,87.9,87.4,88.1,89.8,88.27,44,1
Siswa_221,IPS,92.0,91.6,88.8,88.1,90.14,76,1
Siswa_222,IPA,89.6,90.3,89.6,90.6,90.03,57,1
Siswa_223,IPA,85.3,84.7,84.9,85.9,85.2,28,1
Siswa_224,IPA,81.8,82.1,86.9,88.9,84.93,71,1
Siswa_225,IPA,88.5,85.7,87.8,86.1,87.02,23,1
Siswa_226,IPA,87.0,88.4,86.7,88.9,87.75,85,1
Siswa_227,IPS,89.5,90.5,92.5,88.0,90.11,34,1
Siswa_228,IPA,88.2,87.5,85.4,85.2,86.59,11,1
Siswa_229,IPS,90.2,92.6,95.7,95.8,93.58,86,1
Siswa_230,IPS,82.3,85.2,85.3,87.5,85.08,35,1
Siswa_231,IPS,91.6,89.4,90.2,91.2,90.59,93,1
Siswa_232,IPA,86.0,85.5,89.1,87.3,86.97,42,1
Siswa_233,IPA,95.4,94.8,93.3,92.3,93.94,28,1
Siswa_234,IPA,81.6,80.7,78.9,80.3,80.35,82,1
Siswa_235,IPA,93.7,96.3,96.2,97.0,95.8,78,1
Siswa_236,IPS,86.0,86.6,89.7,89.5,87.95,82,1
Siswa_237,IPA,81.7,82.2,80.2,80.2,81.09,92,1
Siswa_238,IPA,82.6,79.6,74.9,77.3,78.59,24,1
Siswa_239,IPS,83.4,85.7,85.8,85.7,85.14,8,1
Siswa_240,IPA,87.1,85.6,87.7,88.6,87.27,53,1
Siswa_241,IPS,87.6,88.7,92.1,97.5,91.49,72,1
Siswa_242,IPS,82.1,83.7,83.8,81.9,82.87,4,1
Siswa_243,IPS,84.9,88.6,88.8,86.1,87.08,91,1
Siswa_244,IPA,95.7,94.1,97.4,100.0,96.79,100,1
Siswa_245,IPA,93.6,88.6,85.9,85.5,88.4,5,1
Siswa_246,IPS,87.2,88.5,88.8,89.1,88.41,97,1
Siswa_247,IPA,85.2,89.8,91.2,90.6,89.19,49,1
Siswa_248,IPS,85.6,89.1,91.0,91.5,89.28,98,1
Siswa_249,IPS,88.1,89.5,89.5,93.7,90.17,30,1
Siswa_250,IPS,79.9,79.9,81.0,83.6,81.08,72,1
Siswa_251,IPA,83.7,86.3,82.4,85.1,84.37,63,1
Siswa_252,IPA,76.7,75.7,75.4,73.6,75.33,47,1
Siswa_253,IPS,87.0,88.9,90.9,89.6,89.09,26,1
Siswa_254,IPA,88.2,90.2,89.3,84.6,88.09,57,1
Siswa_255,IPA,82.6,85.7,86.8,86.2,85.33,37,1
Siswa_256,IPA,92.9,99.4,100.0,100.0,98.06,98,1
Siswa_257,IPS,78.9,80.7,81.0,83.0,80.88,7,1
Siswa_258,IPS,77.7,77.7,79.0,79.6,78.47,40,1
Siswa_259,IPA,86.1,87.1,86.1,87.1,86.61,92,1
Siswa_260,IPA,90.2,87.7,88.3,87.9,88.53,39,1
Siswa_261,IPS,93.4,93.0,95.3,96.7,94.59,62,1
Siswa_262,IPS,82.7,82.9,84.2,86.7,84.13,92,1
Siswa_263,IPA,90.4,90.3,90.2,87.9,89.71,78,1
Siswa_264,IPA,84.8,86.1,87.6,89.2,86.91,53,1
Siswa_265,IPS,84.1,83.5,85.9,88.8,85.58,4,1
Siswa_266,IPS,89.4,92.7,89.6,89.7,90.34,82,1
Siswa_267,IPS,88.3,89.3,92.6,95.0,91.27,25,1
Siswa_268,IPS,77.1,78.1,78.4,85.1,79.68,7,1
Siswa_269,IPA,92.4,92.7,94.6,95.4,93.76,28,1
Siswa_270,IPA,91.9,93.2,96.6,98.4,95.03,69,1
Siswa_271,IPS,81.9,84.5,82.8,82.3,82.87,67,1
Siswa_272,IPS,87.0,86.2,85.8,87.2,86.56,95,1
Siswa_273,IPS,87.5,87.2,87.6,89.5,87.92,20,1
Siswa_274,IPS,86.3,86.7,86.1,87.5,86.66,83,1
Siswa_275,IPA,82.2,80.6,85.0,84.0,82.95,11,1
Siswa_276,IPA,81.6,81.0,80.3,81.7,81.16,67,1
Siswa_277,IPS,84.9,84.9,84.8,88.7,85.83,87,1
Siswa_278,IPS,90.9,93.6,95.0,96.9,94.1,7,1
Siswa_279,IPS,87.7,89.2,87.8,90.8,88.89,23,1
Siswa_280,IPS,83.1,84.5,84.7,85.3,84.42,61,1
Siswa_281,IPS,88.9,91.6,93.2,95.7,92.33,71,1
Siswa_282,IPA,70.8,71.5,71.8,73.4,71.86,34,1
Siswa_283,IPA,90.7,92.5,93.3,92.4,92.26,19,1
Siswa_284,IPA,76.3,77.1,77.0,78.7,77.28,58,1
Siswa_285,IPA,83.2,84.7,82.7,81.7,83.08,9,1
Siswa_286,IPA,79.4,79.2,80.9,80.6,80.03,48,1
Siswa_287,IPA,78.5,74.6,79.2,80.5,78.22,82,1
Siswa_288,IPA,90.8,91.5,92.6,94.2,92.27,41,1
Siswa_289,IPA,82.7,86.5,88.0,86.6,85.93,48,1
Siswa_290,IPA,86.7,89.6,92.0,95.1,90.84,45,1
Siswa_291,IPA,84.8,87.7,86.2,88.3,86.73,25,1
Siswa_292,IPA,87.4,90.9,95.3,94.9,92.09,78,1
Siswa_293,IPS,85.4,86.6,88.0,85.9,86.45,25,1
Siswa_294,IPA,78.6,80.0,84.2,85.0,81.94,19,1
Siswa_295,IPA,90.0,89.7,89.3,89.4,89.6,39,1
Siswa_296,IPA,82.5,82.9,87.5,88.8,85.43,79,1
Siswa_297,IPS,77.2,79.4,82.0,82.3,80.23,80,1
Siswa_298,IPA,82.9,86.3,88.4,85.4,85.71,27,1
Siswa_299,IPS,92.5,93.2,94.7,94.9,93.83,74,1
Siswa_300,IPA,89.3,89.4,89.9,90.2,89.67,63,1
Siswa_301,IPA,83.3,84.3,87.7,89.9,86.27,68,1
Siswa_302,IPA,83.3,85.5,86.7,86.3,85.45,19,1
Siswa_303,IPA,83.4,81.5,78.6,82.9,81.6,28,1
Siswa_304,IPS,95.4,91.8,90.6,87.7,91.37,85,1
Siswa_305,IPS,86.9,86.8,87.4,91.1,88.05,78,1
Siswa_306,IPS,87.2,85.7,87.3,87.9,87.02,33,1
Siswa_307,IPA,90.2,90.1,91.0,93.7,91.26,10,1
Siswa_308,IPA,86.2,86.9,90.3,91.5,88.73,83,1
Siswa_309,IPS,83.7,83.8,80.9,84.2,83.14,30,1
Siswa_310,IPA,84.0,87.9,89.2,89.4,87.65,22,1
Siswa_311,IPA,84.6,86.3,83.7,82.5,84.26,3,1
Siswa_312,IPA,84.8,86.4,88.9,92.8,88.23,82,1
Siswa_313,IPA,88.6,90.9,91.7,92.5,90.92,75,1
Siswa_314,IPS,85.3,84.0,85.8,87.3,85.58,48,1
Siswa_315,IPS,88.7,91.7,91.0,94.5,91.48,2,1
Siswa_316,IPS,84.6,85.4,89.0,87.9,86.75,76,1
Siswa_317,IPA,85.4,87.7,90.8,93.0,89.24,54,1
Siswa_318,IPA,75.0,73.9,76.0,75.9,75.19,6,1
Siswa_319,IPA,89.6,87.5,88.2,89.0,88.56,40,1
Siswa_320,IPA,86.7,89.4,91.5,92.7,90.08,93,1
Siswa_321,IPA,90.0,91.7,91.3,89.3,90.6,94,1
Siswa_322,IPS,70.5,70.0,72.7,72.2,71.35,2,1
Siswa_323,IPS,95.4,94.7,99.0,100.0,97.29,73,1
Siswa_324,IPA,84.3,87.6,90.7,93.5,89.0,2,1
Siswa_325,IPS,90.5,89.2,88.7,89.6,89.5,93,1
Siswa_326,IPS,79.8,84.1,85.8,87.3,84.25,97,1
Siswa_327,IPA,88.1,87.3,85.7,86.1,86.77,74,1
Siswa_328,IPS,79.7,82.0,84.2,87.9,83.44,98,1
Siswa_329,IPA,81.9,82.2,84.1,84.7,83.24,55,1
Siswa_330,IPA,94.6,96.8,94.0,95.5,95.22,72,1
Siswa_331,IPA,84.0,84.0,82.6,85.9,84.14,60,1
Siswa_332,IPS,86.1,86.8,87.2,86.6,86.67,97,1
Siswa_333,IPA,89.4,90.4,90.8,94.9,91.39,6,1
Siswa_334,IPA,87.5,86.5,85.1,83.0,85.5,19,1
Siswa_335,IPA,85.8,88.2,90.0,94.3,89.57,96,1
Siswa_336,IPA,86.8,86.8,88.3,88.6,87.62,27,1
Siswa_337,IPS,97.0,97.6,98.2,98.7,97.86,1,1
Siswa_338,IPS,84.7,83.7,83.2,80.4,83.02,33,1
Siswa_339,IPA,86.0,81.9,85.0,85.1,84.48,40,1
Siswa_340,IPA,90.3,90.9,95.2,94.1,92.6,32,1
Siswa_341,IPA,90.5,96.4,96.4,96.2,94.86,69,1
Siswa_342,IPA,90.9,93.5,93.3,94.0,92.93,17,1
Siswa_343,IPA,88.2,89.2,91.1,94.1,90.63,8,1
Siswa_344,IPA,79.3,79.8,80.0,81.5,80.14,57,1
Siswa_345,IPA,93.2,94.2,94.9,96.5,94.72,42,1
Siswa_346,IPS,79.3,81.4,83.8,82.7,81.78,98,1
Siswa_347,IPS,86.5,85.2,82.3,81.6,83.89,9,1
Siswa_348,IPA,81.2,84.5,88.1,92.7,86.62,87,1
Siswa_349,IPA,84.7,87.1,88.3,87.8,86.96,35,1
Siswa_350,IPS,86.6,89.1,89.3,93.6,89.64,71,1
Siswa_351,IPA,86.6,88.5,89.3,89.8,88.55,79,1
Siswa_352,IPS,87.1,88.1,89.1,90.1,88.6,53,1
Siswa_353,IPS,93.1,95.4,93.0,96.1,94.38,54,1
Siswa_354,IPA,87.3,89.5,93.4,97.0,91.79,84,1
Siswa_355,IPA,83.8,84.1,85.2,85.9,84.73,25,1
Siswa_356,IPS,89.8,89.7,91.6,91.8,90.71,67,1
Siswa_357,IPA,90.9,92.2,95.1,95.9,93.52,62,1
Siswa_358,IPA,78.9,83.0,81.9,83.6,81.83,55,1
Siswa_359,IPS,88.0,86.5,88.5,91.2,88.55,46,1
Siswa_360,IPA,88.5,86.6,87.0,88.0,87.54,24,1
Siswa_361,IPA,83.5,84.8,87.5,89.8,86.42,98,1
Siswa_362,IPS,91.9,93.0,89.7,94.0,92.15,46,1
Siswa_363,IPA,84.2,85.6,86.4,88.2,86.1,22,1
Siswa_364,IPA,85.6,87.1,86.9,88.5,87.05,11,1
Siswa_365,IPS,84.1,84.7,86.6,84.5,84.97,48,1
Siswa_366,IPA,85.1,89.1,91.0,86.7,87.97,8,1
Siswa_367,IPS,79.5,77.3,76.9,78.7,78.1,39,1
Siswa_368,IPS,77.8,77.1,76.7,77.5,77.3,35,1
Siswa_369,IPA,93.0,93.8,94.5,94.5,93.95,49,1
Siswa_370,IPA,80.8,78.5,77.7,79.2,79.03,46,1
Siswa_371,IPA,80.0,80.7,83.4,84.3,82.09,38,1
Siswa_372,IPA,74.2,78.6,78.8,82.1,78.42,8,1
Siswa_373,IPA,81.8,82.8,78.0,79.2,80.47,54,1
Siswa_374,IPS,78.4,79.8,80.1,79.6,79.48,37,1
Siswa_375,IPA,93.2,91.7,90.6,93.6,92.28,91,1
Siswa_376,IPA,90.0,89.8,87.6,88.1,88.88,92,1
Siswa_377,IPS,81.6,81.8,80.3,82.4,81.52,40,1
Siswa_378,IPA,96.3,96.6,97.8,97.9,97.16,34,1
Siswa_379,IPS,89.9,93.5,97.1,96.8,94.34,96,1
Siswa_380,IPA,83.4,85.5,87.1,88.3,86.07,79,1
Siswa_381,IPA,72.5,71.3,71.1,72.1,71.74,17,1
Siswa_382,IPS,96.5,97.9,99.9,100.0,98.57,33,1
Siswa_383,IPS,78.1,80.0,80.1,80.6,79.71,47,1
Siswa_384,IPS,76.8,80.1,79.7,77.0,78.37,52,1
Siswa_385,IPS,90.1,94.3,93.0,93.1,92.61,80,1
Siswa_386,IPS,97.2,96.2,93.7,96.3,95.82,93,1
Siswa_387,IPA,91.9,91.3,91.5,91.9,91.67,9,1
Siswa_388,IPA,87.8,86.3,87.6,88.1,87.47,33,1
Siswa_389,IPS,88.0,88.5,89.3,92.3,89.52,60,1
Siswa_390,IPS,89.3,91.2,91.4,90.9,90.69,93,1
Siswa_391,IPS,88.8,91.8,90.9,88.8,90.06,77,1
Siswa_392,IPA,86.4,87.3,89.5,90.1,88.32,21,1
Siswa_393,IPA,85.5,85.9,84.2,84.3,84.98,58,1
Siswa_394,IPS,84.7,86.0,88.5,87.6,86.71,85,1
Siswa_395,IPA,81.2,80.6,79.6,80.2,80.39,69,1
Siswa_396,IPS,83.6,88.8,88.3,90.3,87.72,10,1
Siswa_397,IPS,76.5,74.3,72.4,73.4,74.15,6,1
Siswa_398,IPA,84.5,85.9,85.9,87.5,85.94,13,1
Siswa_399,IPS,80.1,85.1,88.1,92.7,86.47,65,1
Siswa_400,IPS,79.5,80.5,82.5,82.8,81.34,20,1
Siswa_401,IPA,85.9,86.5,89.5,91.0,88.23,57,1
Siswa_402,IPS,92.0,92.2,94.3,94.3,93.19,46,1
Siswa_403,IPA,89.6,90.2,89.0,88.3,89.29,8,1
Siswa_404,IPS,77.1,80.9,81.2,81.1,80.08,10,1
Siswa_405,IPA,80.1,76.6,76.1,76.1,77.21,73,1
Siswa_406,IPS,89.7,93.8,97.4,99.2,95.01,67,1
Siswa_407,IPA,80.1,78.2,76.8,82.5,79.43,11,1
Siswa_408,IPA,83.9,84.3,87.1,86.7,85.51,12,1
Siswa_409,IPS,87.8,87.9,90.7,90.8,89.29,10,1
Siswa_410,IPA,80.2,82.3,87.0,87.9,84.34,25,1
Siswa_411,IPA,85.5,83.3,83.5,85.3,84.42,49,1
Siswa_412,IPS,78.3,80.3,82.7,84.2,81.37,49,1
Siswa_413,IPS,82.0,87.0,92.6,96.2,89.45,89,1
Siswa_414,IPA,86.6,84.9,84.6,80.8,84.22,11,1
Siswa_415,IPS,77.0,78.4,76.3,72.6,76.09,62,1
Siswa_416,IPA,87.2,86.9,84.1,84.1,85.58,36,1
Siswa_417,IPA,84.9,86.8,89.2,92.4,88.3,39,1
Siswa_418,IPA,87.8,88.8,86.0,83.9,86.63,53,1
Siswa_419,IPS,86.1,85.8,86.1,81.1,84.78,90,1
Siswa_420,IPS,91.8,93.8,95.7,97.8,94.78,78,1
Siswa_421,IPS,85.6,90.2,91.6,93.1,90.14,56,1
Siswa_422,IPS,82.9,83.5,85.3,84.1,83.95,1,1
Siswa_423,IPA,85.6,88.1,89.5,88.5,87.92,56,1
Siswa_424,IPA,87.7,86.1,89.7,88.7,88.07,4,1
Siswa_425,IPA,85.2,84.3,83.4,84.6,84.41,30,1
Siswa_426,IPA,85.2,87.1,86.8,86.5,86.42,12,1
Siswa_427,IPA,81.5,85.5,84.9,86.9,84.69,35,1
Siswa_428,IPS,81.7,83.4,86.1,81.3,83.12,77,1
Siswa_429,IPA,78.0,78.4,81.2,80.4,79.49,52,1
Siswa_430,IPA,93.7,94.7,96.6,95.4,95.14,31,1
Siswa_431,IPA,78.8,77.3,80.6,81.1,79.46,87,1
Siswa_432,IPS,81.5,83.7,82.4,82.3,82.5,68,1
Siswa_433,IPS,81.4,84.2,88.5,91.1,86.3,52,1
Siswa_434,IPA,89.5,89.6,93.6,90.9,90.89,80,1
Siswa_435,IPA,83.5,83.6,86.1,87.1,85.08,7,1
Siswa_436,IPS,91.2,92.8,97.3,99.5,95.2,22,1
Siswa_437,IPA,81.6,81.8,79.4,84.2,81.75,93,1
Siswa_438,IPS,86.4,87.3,87.2,87.3,87.03,75,1
Siswa_439,IPS,80.8,86.0,85.6,87.2,84.9,56,1
Siswa_440,IPA,95.7,96.2,98.7,96.1,96.67,97,1
Siswa_441,IPA,79.1,79.3,78.2,74.5,77.78,58,1
Siswa_442,IPS,86.5,86.3,88.8,91.5,88.26,93,1
Siswa_443,IPA,88.2,90.7,94.4,95.4,92.15,64,1
Siswa_444,IPA,87.1,87.7,90.1,93.5,89.58,12,1
Siswa_445,IPS,84.1,83.8,85.3,83.6,84.2,7,1
Siswa_446,IPS,84.4,88.0,87.0,89.1,87.1,55,1
Siswa_447,IPS,85.2,89.1,88.4,93.1,88.94,62,1
Siswa_448,IPS,84.3,84.1,87.6,89.4,86.32,90,1
Siswa_449,IPA,89.8,87.1,89.6,91.2,89.44,73,1
Siswa_450,IPA,96.1,99.1,100.0,100.0,98.78,98,1
Siswa_451,IPS,82.2,81.8,82.0,79.9,81.48,77,1
Siswa_452,IPA,78.2,80.7,77.7,81.4,79.49,55,1
Siswa_453,IPA,84.6,81.6,80.5,80.3,81.73,36,1
Siswa_454,IPS,97.9,100.0,100.0,100.0,99.47,89,1
Siswa_455,IPA,81.0,79.6,78.0,75.9,78.6,24,1
Siswa_456,IPA,93.2,95.7,97.0,95.7,95.39,44,1
Siswa_457,IPA,93.4,94.4,97.4,100.0,96.31,17,1
Siswa_458,IPA,82.2,81.3,79.8,80.1,80.87,2,1
Siswa_459,IPA,87.8,88.0,89.4,93.3,89.65,13,1
Siswa_460,IPA,93.1,95.5,98.4,99.2,96.57,31,1
Siswa_461,IPA,83.1,84.3,85.3,82.7,83.85,93,1
Siswa_462,IPS,84.0,86.2,92.9,95.7,89.67,28,1
Siswa_463,IPS,82.1,87.0,84.7,84.5,84.59,60,1
Siswa_464,IPA,79.9,77.8,80.9,83.3,80.49,27,1
Siswa_465,IPS,81.8,86.0,86.6,87.7,85.52,15,1
Siswa_466,IPA,78.9,80.1,82.6,80.5,80.54,95,1
Siswa_467,IPA,85.2,84.4,86.3,87.6,85.85,79,1
Siswa_468,IPS,81.2,79.5,79.0,84.4,81.02,33,1
Siswa_469,IPA,86.2,86.8,88.2,90.2,87.86,20,1
Siswa_470,IPS,77.2,80.1,77.3,78.2,78.22,42,1
Siswa_471,IPA,86.7,87.4,89.6,92.8,89.1,12,1
Siswa_472,IPS,89.2,93.2,94.8,96.2,93.34,73,1
Siswa_473,IPA,75.0,73.1,75.4,76.8,75.1,23,1
Siswa_474,IPS,86.9,87.8,91.0,89.8,88.86,72,1
Siswa_475,IPA,91.1,89.6,91.4,92.8,91.24,96,1
Siswa_476,IPS,79.0,80.7,82.0,85.0,81.66,14,1
Siswa_477,IPA,93.4,96.1,95.4,94.7,94.89,91,1
Siswa_478,IPA,87.1,87.3,86.8,90.7,87.96,25,1
Siswa_479,IPS,81.5,77.3,80.6,81.5,80.21,77,1
Siswa_480,IPA,84.7,86.1,90.0,89.2,87.51,85,1
Siswa_481,IPS,87.8,89.7,90.2,93.2,90.21,31,1
Siswa_482,IPS,85.4,87.2,88.3,88.7,87.39,54,1
Siswa_483,IPA,87.7,91.2,90.4,92.9,90.52,5,1
Siswa_484,IPS,80.4,79.3,82.6,83.0,81.32,13,1
Siswa_485,IPA,85.8,88.2,90.5,91.4,89.0,28,1
Siswa_486,IPS,77.9,81.3,86.2,88.2,83.41,43,1
Siswa_487,IPA,84.4,81.9,81.1,82.7,82.54,89,1
Siswa_488,IPA,80.5,82.1,82.4,79.4,81.08,99,1
Siswa_489,IPS,81.3,81.3,82.8,81.5,81.74,47,1
Siswa_490,IPS,91.2,92.0,94.3,97.2,93.67,71,1
Siswa_491,IPA,90.5,92.2,92.7,93.5,92.2,38,1
Siswa_492,IPS,88.0,88.1,87.3,87.3,87.68,96,1
Siswa_493,IPA,79.5,79.2,81.9,80.2,80.23,67,1
Siswa_494,IPA,83.4,84.5,86.9,85.8,85.15,62,1
Siswa_495,IPA,91.1,89.9,89.1,86.0,89.01,39,1
Siswa_496,IPA,85.7,84.5,88.2,89.0,86.88,37,1
Siswa_497,IPA,96.6,99.0,100.0,99.8,98.84,86,1
Siswa_498,IPA,87.0,85.7,86.9,86.0,86.39,8,1
Siswa_499,IPS,86.0,88.3,89.5,90.3,88.51,81,1
Siswa_500,IPS,83.5,85.4,87.5,89.2,86.38,52,1
Siswa_501,IPS,85.7,83.2,82.5,87.7,84.76,91,1
Siswa_502,IPA,84.2,83.9,84.9,82.9,84.0,33,1
Siswa_503,IPA,88.5,91.9,88.6,91.9,90.26,81,1
Siswa_504,IPS,89.8,88.8,91.6,94.5,91.17,42,1
Siswa_505,IPS,81.1,81.1,79.0,78.5,79.92,76,1
Siswa_506,IPA,78.3,80.3,84.3,85.7,82.14,27,1
Siswa_507,IPS,75.8,78.4,78.7,78.8,77.94,8,1
Siswa_508,IPS,87.5,88.0,88.6,90.0,88.54,23,1
Siswa_509,IPS,79.5,79.3,79.0,83.1,80.21,64,1
Siswa_510,IPS,74.2,78.1,78.5,80.7,77.88,93,1
Siswa_511,IPS,86.9,91.4,95.3,97.3,92.72,20,1
Siswa_512,IPA,97.5,100.0,96.0,96.2,97.41,16,1
Siswa_513,IPS,85.0,86.1,89.7,87.7,87.13,17,1
Siswa_514,IPS,89.2,88.6,90.3,90.8,89.71,80,1
Siswa_515,IPA,85.4,84.7,83.3,86.7,85.06,19,1
Siswa_516,IPA,84.5,86.6,85.4,83.3,84.95,8,1
Siswa_517,IPA,89.6,91.4,95.8,94.7,92.87,38,1
Siswa_518,IPS,83.5,87.4,86.5,87.7,86.27,38,1
Siswa_519,IPS,86.3,88.6,87.3,86.4,87.17,53,1
Siswa_520,IPA,86.6,84.6,87.9,87.3,86.59,93,1
Siswa_521,IPA,81.7,84.8,86.4,86.6,84.86,100,1
Siswa_522,IPA,90.0,89.0,88.1,86.4,88.34,90,1
Siswa_523,IPS,84.1,84.4,85.8,84.8,84.78,31,1
Siswa_524,IPS,81.2,82.7,81.7,84.1,82.42,44,1
Siswa_525,IPS,87.7,92.7,95.9,94.3,92.62,60,1
Siswa_526,IPA,80.5,87.7,90.9,88.7,86.93,76,1
Siswa_527,IPA,85.1,87.4,89.4,89.2,87.77,17,1
Siswa_528,IPA,85.0,85.6,87.3,89.8,86.91,79,1
Siswa_529,IPA,90.4,92.5,97.0,97.6,94.39,73,1
Siswa_530,IPS,87.4,90.1,91.1,91.2,89.97,39,1
Siswa_531,IPS,84.9,85.2,83.9,85.0,84.73,42,1
Siswa_532,IPS,89.1,93.7,95.6,93.1,92.86,48,1
Siswa_533,IPS,92.0,93.4,98.6,100.0,95.99,12,1
Siswa_534,IPA,87.8,89.8,88.8,90.5,89.21,96,1
Siswa_535,IPS,85.1,87.4,87.7,87.8,86.98,89,1
Siswa_536,IPS,78.4,80.3,82.1,85.1,81.49,18,1
Siswa_537,IPS,79.7,82.4,83.2,82.0,81.82,79,1
Siswa_538,IPA,83.5,83.2,82.3,85.5,83.63,96,1
Siswa_539,IPA,82.0,81.8,85.1,86.4,83.81,6,1
Siswa_540,IPA,84.1,82.9,88.5,88.8,86.07,43,1
Siswa_541,IPS,85.3,87.2,88.6,89.5,87.63,35,1
Siswa_542,IPS,87.6,90.2,89.4,90.2,89.36,98,1
Siswa_543,IPA,84.6,86.6,84.5,87.9,85.9,54,1
Siswa_544,IPS,87.4,91.8,93.3,92.1,91.16,62,1
Siswa_545,IPS,85.3,86.3,89.5,89.0,87.54,69,1
Siswa_546,IPA,75.1,77.5,79.4,82.5,78.62,82,1
Siswa_547,IPA,80.3,79.1,80.1,79.9,79.87,16,1
Siswa_548,IPS,84.3,84.5,84.3,87.1,85.06,8,1
Siswa_549,IPA,79.0,81.3,80.2,84.6,81.25,89,1
Siswa_550,IPS,88.0,90.7,93.4,93.6,91.41,96,1
Siswa_551,IPA,92.7,93.1,95.9,98.3,94.97,90,1
Siswa_552,IPS,91.1,92.0,89.9,88.6,90.36,86,1
Siswa_553,IPA,83.9,81.9,86.1,88.6,85.12,31,1
Siswa_554,IPA,92.5,92.7,94.9,96.3,94.09,10,1
Siswa_555,IPS,85.7,88.5,92.3,94.3,90.22,56,1
Siswa_556,IPA,83.3,85.5,83.8,83.5,84.01,76,1
Siswa_557,IPA,81.9,83.9,82.2,79.9,81.99,92,1
Siswa_558,IPA,83.5,84.6,85.3,87.3,85.16,70,1
Siswa_559,IPS,83.1,84.1,86.1,83.0,84.04,20,1
Siswa_560,IPS,85.9,85.5,90.1,90.5,88.0,5,1
Siswa_561,IPS,85.8,88.2,90.6,93.5,89.53,23,1
Siswa_562,IPA,85.0,86.9,87.4,88.8,87.0,9,1
Siswa_563,IPA,87.2,89.2,88.1,93.0,89.37,58,1
Siswa_564,IPA,91.0,90.9,94.4,97.4,93.41,59,1
Siswa_565,IPA,89.7,86.4,85.5,85.2,86.73,93,1
Siswa_566,IPA,77.6,80.8,85.0,86.1,82.36,80,1
Siswa_567,IPA,72.2,72.3,72.7,73.6,72.7,54,1
Siswa_568,IPA,89.7,88.9,93.1,91.0,90.68,46,1
Siswa_569,IPS,78.2,80.6,82.9,82.0,80.91,22,1
Siswa_570,IPA,83.9,84.1,84.8,84.7,84.37,64,1
Siswa_571,IPA,79.1,82.3,82.2,79.2,80.7,8,1
Siswa_572,IPS,76.0,78.2,78.5,79.6,78.1,20,1
Siswa_573,IPA,87.7,90.1,91.9,92.4,90.54,51,1
Siswa_574,IPS,88.8,87.1,88.2,85.9,87.49,78,1
Siswa_575,IPS,82.1,85.5,85.4,87.2,85.04,39,1
Siswa_576,IPS,72.0,73.6,74.2,76.7,74.13,37,1
Siswa_577,IPA,82.3,82.5,83.7,85.1,83.41,50,1
Siswa_578,IPS,87.0,88.2,85.0,85.3,86.38,34,1
Siswa_579,IPA,77.6,75.1,77.0,79.2,77.19,75,1
Siswa_580,IPA,85.9,87.7,86.8,89.1,87.39,33,1
Siswa_581,IPA,84.9,83.9,82.6,84.2,83.88,31,1
Siswa_582,IPS,87.9,86.2,83.8,83.2,85.27,54,1
Siswa_583,IPA,85.6,83.6,81.0,82.5,83.16,44,1
Siswa_584,IPA,80.1,83.4,81.6,85.0,82.55,34,1
Siswa_585,IPS,91.0,90.7,90.3,90.1,90.53,71,1
Siswa_586,IPA,84.2,88.3,93.2,98.4,91.01,62,1
Siswa_587,IPA,84.9,84.8,84.7,84.7,84.77,23,1
Siswa_588,IPA,80.3,77.9,79.3,80.3,79.47,46,1
Siswa_589,IPA,82.8,81.6,83.4,83.0,82.67,56,1
Siswa_590,IPA,80.6,84.0,85.3,86.8,84.17,7,1
Siswa_591,IPA,84.1,84.8,85.7,83.2,84.45,89,1
Siswa_592,IPS,93.6,93.5,92.1,92.0,92.77,61,1
Siswa_593,IPA,78.1,79.5,83.4,82.2,80.79,3,1
Siswa_594,IPA,76.9,78.9,83.6,84.8,81.06,38,1
Siswa_595,IPS,92.4,95.6,93.2,96.2,94.35,84,1
Siswa_596,IPA,84.0,87.9,86.8,89.1,86.93,34,1
Siswa_597,IPS,81.7,81.9,82.4,78.6,81.15,44,1
Siswa_598,IPA,90.2,88.5,87.6,92.7,89.77,30,1
Siswa_599,IPA,82.0,82.1,84.2,85.7,83.51,17,1
Siswa_600,IPA,94.1,95.7,95.2,94.6,94.9,59,1
Siswa_601,IPA,88.4,87.5,92.8,94.1,90.69,10,1
Siswa_602,IPA,82.6,81.6,85.0,86.4,83.9,99,1
Siswa_603,IPA,95.8,97.5,98.9,98.6,97.68,84,1
Siswa_604,IPA,82.0,82.9,85.9,87.3,84.52,18,1
Siswa_605,IPA,88.7,89.8,93.0,92.8,91.06,45,1
Siswa_606,IPA,86.5,86.0,85.9,86.0,86.09,91,1
Siswa_607,IPA,91.5,92.0,91.4,91.0,91.5,59,1
Siswa_608,IPA,92.8,92.0,93.1,91.3,92.28,62,1
Siswa_609,IPA,85.2,87.9,90.7,92.0,88.93,59,1
Siswa_610,IPS,81.2,84.3,85.6,87.8,84.72,49,1
Siswa_611,IPA,87.3,84.6,82.5,84.5,84.71,100,1
Siswa_612,IPS,81.6,80.8,80.1,82.8,81.32,63,1
Siswa_613,IPS,95.1,93.1,93.9,95.6,94.41,87,1
Siswa_614,IPA,85.7,85.4,86.2,86.2,85.87,32,1
Siswa_615,IPS,83.2,84.0,89.0,91.6,86.94,10,1
Siswa_616,IPS,85.9,84.0,82.3,80.5,83.18,11,1
Siswa_617,IPA,78.3,77.4,79.4,78.6,78.44,70,1
Siswa_618,IPA,80.1,79.1,83.1,82.2,81.14,62,1
Siswa_619,IPS,91.0,92.4,98.0,100.0,95.34,47,1
Siswa_620,IPS,81.7,82.9,83.0,85.9,83.39,34,1
Siswa_621,IPA,79.8,79.3,81.3,83.3,80.92,100,1
Siswa_622,IPA,87.7,89.0,91.2,94.3,90.55,17,1
Siswa_623,IPA,90.9,90.8,92.2,91.5,91.36,54,1
Siswa_624,IPA,88.6,89.1,89.9,91.6,89.76,76,1
Siswa_625,IPS,90.0,94.3,96.2,96.9,94.36,85,1
Siswa_626,IPA,81.2,84.9,80.8,83.5,82.62,40,1
Siswa_627,IPA,77.9,76.3,78.7,79.4,78.07,19,1
Siswa_628,IPS,92.5,95.2,96.4,96.6,95.18,67,1
Siswa_629,IPA,83.4,86.0,86.6,88.6,86.15,82,1
Siswa_630,IPA,83.7,82.4,87.5,90.3,86.01,53,1
Siswa_631,IPS,91.6,94.3,93.9,93.6,93.36,64,1
Siswa_632,IPS,87.8,91.9,92.1,92.9,91.15,83,1
Siswa_633,IPA,87.3,86.0,91.0,89.9,88.56,47,1
Siswa_634,IPA,95.8,95.0,94.3,90.3,93.87,6,1
Siswa_635,IPA,81.8,84.8,84.7,86.1,84.36,16,1
Siswa_636,IPA,89.6,91.2,91.9,94.1,91.7,72,1
Siswa_637,IPA,85.3,87.4,90.1,91.6,88.58,18,1
Siswa_638,IPA,86.3,88.0,89.4,86.5,87.59,52,1
Siswa_639,IPA,92.6,94.4,92.8,93.1,93.26,48,1
Siswa_640,IPA,87.5,85.9,85.8,82.4,85.41,43,1
Siswa_641,IPA,87.7,90.8,90.6,94.3,90.84,39,1
Siswa_642,IPA,90.4,93.7,94.5,93.4,93.0,49,1
Siswa_643,IPA,83.2,83.7,85.6,89.1,85.38,12,1
Siswa_644,IPA,80.8,81.7,83.6,86.4,83.13,10,1
Siswa_645,IPA,79.8,77.7,75.2,74.4,76.75,71,1
Siswa_646,IPS,75.2,77.2,80.3,79.1,77.94,55,1
Siswa_647,IPA,95.3,97.4,98.9,100.0,97.91,1,1
Siswa_648,IPS,79.5,80.4,84.1,83.4,81.85,49,1
Siswa_649,IPS,83.9,87.1,89.0,90.2,87.58,36,1
Siswa_650,IPA,83.6,83.9,87.2,87.2,85.47,21,1
Siswa_651,IPA,86.5,88.7,90.6,88.0,88.46,37,1
Siswa_652,IPA,89.1,88.0,91.7,88.3,89.28,24,1
Siswa_653,IPA,89.3,90.3,92.3,93.8,91.4,55,1
Siswa_654,IPS,82.1,82.7,83.5,83.4,82.94,25,1
Siswa_655,IPA,84.2,85.6,91.2,91.1,88.0,7,1
Siswa_656,IPA,86.4,86.7,89.5,91.8,88.6,81,1
Siswa_657,IPA,83.8,84.5,86.6,90.0,86.22,93,1
Siswa_658,IPA,93.0,95.7,94.1,94.6,94.36,94,1
Siswa_659,IPS,87.5,87.6,86.0,86.3,86.84,71,1
Siswa_660,IPA,88.7,86.5,88.0,90.0,88.31,97,1
Siswa_661,IPA,88.3,92.8,94.1,92.4,91.91,71,1
Siswa_662,IPS,90.9,94.6,94.4,95.8,93.94,24,1
Siswa_663,IPS,85.9,84.3,85.6,87.7,85.88,11,1
Siswa_664,IPA,78.5,80.9,85.1,87.4,82.98,73,1
Siswa_665,IPA,87.0,87.0,89.4,86.5,87.47,12,1
Siswa_666,IPA,81.7,83.3,82.0,81.5,82.12,35,1
Siswa_667,IPA,82.4,83.9,84.7,84.0,83.75,63,1
Siswa_668,IPA,87.9,88.5,87.9,89.1,88.33,68,1
Siswa_669,IPA,91.2,90.6,90.8,92.8,91.37,100,1
Siswa_670,IPA,85.1,84.7,84.9,88.9,85.91,92,1
Siswa_671,IPA,86.5,85.7,85.8,85.8,85.94,57,1
Siswa_672,IPS,93.5,92.8,91.3,91.3,92.26,13,1
Siswa_673,IPA,86.2,87.1,87.8,91.1,88.05,23,1
Siswa_674,IPA,98.0,97.6,97.5,99.0,98.02,83,1
Siswa_675,IPA,87.8,90.2,85.3,88.9,88.06,39,1
Siswa_676,IPS,76.2,80.2,85.3,86.9,82.12,88,1
Siswa_677,IPA,88.8,88.6,91.8,90.5,89.91,80,1
Siswa_678,IPA,86.9,88.4,88.6,87.0,87.72,97,1
Siswa_679,IPS,91.4,93.4,94.5,92.4,92.94,12,1
Siswa_680,IPS,88.4,90.3,89.0,91.3,89.73,34,1
Siswa_681,IPS,84.3,85.5,89.9,93.2,88.21,71,1
Siswa_682,IPA,78.9,81.4,86.2,90.9,84.31,75,1
Siswa_683,IPA,84.0,85.9,87.2,89.9,86.76,31,1
Siswa_684,IPS,80.7,79.3,82.3,85.6,82.0,93,1
Siswa_685,IPS,82.1,84.8,86.2,86.0,84.79,62,1
Siswa_686,IPA,87.9,90.7,89.0,87.7,88.86,13,1
Siswa_687,IPA,93.3,92.8,93.0,95.7,93.72,31,1
Siswa_688,IPA,87.0,88.0,89.3,91.1,88.87,2,1
Siswa_689,IPS,79.0,81.4,81.5,82.7,81.14,15,1
Siswa_690,IPA,87.2,87.8,88.4,90.1,88.38,57,1
Siswa_691,IPA,91.0,94.1,94.9,96.6,94.16,75,1
Siswa_692,IPA,82.0,87.7,88.5,92.1,87.56,34,1
Siswa_693,IPA,84.3,83.8,84.9,88.5,85.35,68,1
Siswa_694,IPA,85.1,83.3,82.2,84.3,83.71,75,1
Siswa_695,IPA,81.1,82.7,82.2,84.9,82.74,29,1
Siswa_696,IPS,88.2,90.7,89.1,91.1,89.8,66,1
Siswa_697,IPA,84.4,84.9,87.9,88.0,86.3,16,1
Siswa_698,IPA,87.1,91.0,87.8,90.3,89.05,39,1
Siswa_699,IPA,80.6,78.9,82.2,80.4,80.51,77,1
Siswa_700,IPA,82.8,85.2,89.0,92.1,87.27,37,1
Siswa_701,IPA,88.6,88.4,88.8,87.4,88.3,81,1
Siswa_702,IPA,83.1,87.6,83.4,84.9,84.75,21,1
Siswa_703,IPA,93.6,98.6,98.9,98.2,97.34,44,1
Siswa_704,IPA,83.0,82.5,83.3,85.4,83.56,19,1
Siswa_705,IPA,86.1,86.0,85.0,85.9,85.77,71,1
Siswa_706,IPS,89.7,92.4,92.4,90.2,91.14,8,1
Siswa_707,IPA,77.9,78.1,82.2,84.0,80.57,77,1
Siswa_708,IPS,76.2,77.1,79.4,79.3,78.0,66,1
Siswa_709,IPA,77.4,78.4,77.6,80.3,78.43,41,1
Siswa_710,IPS,91.3,88.5,86.3,87.3,88.34,75,1
Siswa_711,IPS,82.2,83.2,83.6,85.3,83.59,88,1
Siswa_712,IPA,97.8,97.4,98.0,97.1,97.56,70,1
Siswa_713,IPA,82.2,82.2,84.2,84.0,83.14,61,1
Siswa_714,IPA,85.9,89.8,89.7,89.8,88.82,26,1
Siswa_715,IPA,92.7,91.2,93.2,95.9,93.27,71,1
Siswa_716,IPS,95.0,97.7,100.0,100.0,98.17,83,1
Siswa_717,IPS,95.3,95.7,98.4,97.8,96.8,70,1
Siswa_718,IPS,91.0,91.5,92.4,95.5,92.61,29,1
Siswa_719,IPA,90.1,92.7,93.3,90.0,91.54,66,1
Siswa_720,IPS,88.0,89.6,89.9,88.5,89.02,19,1
Siswa_721,IPS,88.9,91.0,94.4,93.5,91.95,68,1
Siswa_722,IPA,82.2,85.2,84.9,83.2,83.89,58,1
Siswa_723,IPA,80.9,81.2,82.3,80.2,81.17,70,1
Siswa_724,IPS,85.0,84.8,85.9,87.7,85.82,57,1
Siswa_725,IPA,84.1,83.0,83.0,83.5,83.41,37,1
Siswa_726,IPS,82.7,82.1,80.3,82.1,81.81,61,1
Siswa_727,IPA,88.5,95.4,97.0,99.4,95.07,92,1
Siswa_728,IPS,89.8,93.3,94.1,95.7,93.22,30,1
Siswa_729,IPA,85.4,83.7,85.7,88.1,85.74,71,1
Siswa_730,IPA,92.4,90.7,90.7,91.5,91.34,73,1
Siswa_731,IPA,79.3,81.3,84.7,83.3,82.14,25,1
Siswa_732,IPS,84.0,86.1,85.4,88.5,86.0,97,1
Siswa_733,IPS,81.4,83.5,87.9,87.8,85.16,65,1
Siswa_734,IPA,75.7,76.2,73.7,72.8,74.57,6,1
Siswa_735,IPA,84.6,85.3,87.2,87.8,86.24,18,1
Siswa_736,IPS,84.4,86.0,88.0,87.2,86.4,10,1
Siswa_737,IPA,92.6,93.7,93.1,93.3,93.19,92,1
Siswa_738,IPS,88.2,84.7,86.6,88.3,86.92,11,1
Siswa_739,IPA,79.9,80.4,84.0,85.7,82.49,97,1
Siswa_740,IPA,94.3,93.6,90.1,89.3,91.83,65,1
Siswa_741,IPA,91.1,92.5,94.5,94.5,93.13,77,1
Siswa_742,IPA,87.9,94.9,90.9,94.0,91.93,84,1
Siswa_743,IPS,83.9,85.6,84.7,86.7,85.2,65,1
Siswa_744,IPA,80.2,80.6,84.8,90.0,83.9,52,1
Siswa_745,IPA,83.1,86.0,85.8,89.2,86.03,67,1
Siswa_746,IPS,90.4,92.4,91.1,94.3,92.07,82,1
Siswa_747,IPA,94.4,96.3,96.9,95.1,95.66,78,1
Siswa_748,IPA,92.7,94.9,100.0,100.0,96.91,31,1
Siswa_749,IPS,82.6,87.7,85.0,85.9,85.28,91,1
Siswa_750,IPS,79.4,78.1,77.0,76.9,77.88,17,1
Siswa_751,IPA,85.7,87.7,91.6,93.0,89.5,55,1
Siswa_752,IPS,76.2,75.3,80.0,82.9,78.6,93,1
Siswa_753,IPS,86.6,88.7,89.5,91.5,89.1,36,1
Siswa_754,IPA,84.3,83.4,81.9,81.2,82.71,26,1
Siswa_755,IPA,82.7,82.8,88.0,90.5,86.01,53,1
Siswa_756,IPS,77.0,77.4,81.6,81.4,79.36,17,1
Siswa_757,IPS,87.6,90.5,92.9,94.3,91.32,86,1
Siswa_758,IPA,82.3,85.2,84.5,84.9,84.25,25,1
Siswa_759,IPS,79.2,77.7,78.6,79.1,78.62,2,1
Siswa_760,IPS,70.6,71.7,72.4,75.0,72.44,86,0
Siswa_761,IPA,84.9,84.4,86.1,85.0,85.11,5,1
Siswa_762,IPA,93.9,92.3,96.2,100.0,95.61,4,1
Siswa_763,IPA,93.3,93.9,96.6,94.0,94.45,36,1
Siswa_764,IPS,82.7,83.1,81.9,81.7,82.38,6,1
Siswa_765,IPA,82.0,87.8,91.6,93.3,88.69,21,1
Siswa_766,IPA,87.3,89.2,90.8,93.0,90.1,77,1
Siswa_767,IPS,80.0,78.3,80.6,81.4,80.08,89,1
Siswa_768,IPS,86.5,86.4,90.3,91.2,88.6,26,1
Siswa_769,IPA,88.8,91.9,90.7,92.5,90.96,55,1
Siswa_770,IPS,91.1,96.3,97.2,97.8,95.62,39,1
Siswa_771,IPA,84.5,82.3,82.3,86.1,83.79,84,1
Siswa_772,IPS,84.0,81.2,79.1,81.8,81.51,33,1
Siswa_773,IPA,80.6,85.4,87.0,89.8,85.7,14,1
Siswa_774,IPA,80.9,82.6,88.7,87.7,84.98,56,1
Siswa_775,IPS,83.9,83.1,80.5,81.3,82.19,100,1
Siswa_776,IPA,86.8,88.9,89.8,90.2,88.96,81,1
Siswa_777,IPA,89.6,85.3,87.6,86.6,87.25,21,1
Siswa_778,IPS,81.0,82.0,83.2,85.0,82.79,46,1
Siswa_779,IPS,92.5,94.1,94.9,94.8,94.07,16,1
Siswa_780,IPS,83.6,86.5,84.9,87.2,85.56,16,1
Siswa_781,IPS,84.9,83.9,85.3,84.2,84.57,84,1
Siswa_782,IPA,81.3,82.4,81.9,86.4,83.0,29,1
Siswa_783,IPA,72.9,72.0,70.0,70.0,71.23,92,0
Siswa_784,IPA,89.4,90.9,94.3,95.8,92.61,8,1
Siswa_785,IPA,88.7,87.9,90.8,93.4,90.2,88,1
Siswa_786,IPS,83.6,83.8,84.9,84.7,84.25,3,1
Siswa_787,IPA,85.3,84.3,85.8,88.5,86.0,89,1
Siswa_788,IPA,87.6,89.9,93.0,91.6,90.52,19,1
Siswa_789,IPA,77.2,79.9,81.4,85.3,80.93,97,1
Siswa_790,IPS,82.4,82.9,85.7,86.7,84.41,66,1
Siswa_791,IPA,89.0,90.0,90.5,90.3,89.93,79,1
Siswa_792,IPA,78.7,76.8,80.5,80.9,79.22,86,1
Siswa_793,IPA,86.5,86.9,88.5,91.1,88.24,74,1
Siswa_794,IPS,78.2,79.1,80.5,80.3,79.54,82,1
Siswa_795,IPA,87.3,93.6,92.0,91.5,91.12,22,1
Siswa_796,IPS,84.8,83.6,85.2,85.7,84.83,46,1
Siswa_797,IPS,76.9,80.9,80.2,78.8,79.2,91,1
Siswa_798,IPA,90.8,93.8,93.5,98.2,94.09,13,1
Siswa_799,IPS,81.3,82.9,82.3,82.1,82.15,33,1
Siswa_800,IPS,80.9,85.5,84.3,87.0,84.44,5,1
Siswa_801,IPS,86.0,87.7,93.0,94.4,90.29,90,1
Siswa_802,IPA,90.7,92.5,96.2,95.2,93.67,77,1
Siswa_803,IPA,79.9,80.8,85.7,86.6,83.26,27,1
Siswa_804,IPS,85.3,88.8,87.3,89.9,87.81,78,1
Siswa_805,IPA,87.1,90.3,91.5,92.1,90.27,24,1
Siswa_806,IPS,88.5,88.2,86.6,90.0,88.33,67,1
Siswa_807,IPS,85.9,84.2,83.9,86.9,85.22,63,1
Siswa_808,IPS,83.2,83.8,82.9,85.8,83.9,94,1
Siswa_809,IPA,80.9,80.3,83.7,83.8,82.17,99,1
Siswa_810,IPA,85.4,86.3,86.5,85.4,85.9,48,1
Siswa_811,IPS,79.6,83.1,86.3,86.0,83.76,63,1
Siswa_812,IPS,70.4,70.5,72.7,74.1,71.91,78,0
Siswa_813,IPA,87.2,88.1,93.7,95.8,91.2,12,1
Siswa_814,IPS,89.5,90.6,88.7,85.3,88.54,28,1
Siswa_815,IPS,73.2,75.9,79.4,80.4,77.21,44,1
Siswa_816,IPA,80.0,76.5,79.8,81.1,79.31,93,1
Siswa_817,IPA,88.1,87.9,86.9,87.4,87.57,43,1
Siswa_818,IPA,95.3,96.7,99.7,100.0,97.93,17,1
Siswa_819,IPA,85.1,88.5,90.2,92.0,88.95,40,1
Siswa_820,IPA,81.4,81.4,81.9,85.5,82.55,49,1
Siswa_821,IPS,84.1,81.3,80.7,81.3,81.84,85,1
Siswa_822,IPA,91.9,94.1,93.7,96.6,94.05,57,1
Siswa_823,IPA,81.8,81.5,86.6,90.9,85.18,87,1
Siswa_824,IPA,81.0,79.6,80.6,84.2,81.38,84,1
Siswa_825,IPA,82.6,82.3,84.9,83.7,83.39,64,1
Siswa_826,IPS,80.2,80.9,80.3,80.8,80.54,75,1
Siswa_827,IPA,85.6,85.4,84.8,85.2,85.25,57,1
Siswa_828,IPA,93.1,89.7,92.9,94.9,92.64,98,1
Siswa_829,IPS,86.6,89.4,87.7,90.1,88.45,74,1
Siswa_830,IPA,83.7,87.3,87.5,86.8,86.32,74,1
Siswa_831,IPA,83.5,85.8,86.9,88.0,86.09,70,1
Siswa_832,IPA,77.2,75.9,77.1,74.1,76.08,100,1
Siswa_833,IPA,89.4,90.0,90.7,94.5,91.16,88,1
Siswa_834,IPA,84.6,85.6,87.4,87.4,86.24,76,1
Siswa_835,IPA,84.1,86.3,88.7,89.8,87.22,43,1
Siswa_836,IPA,100.0,100.0,100.0,100.0,100.0,23,1
Siswa_837,IPS,86.5,86.0,85.1,88.3,86.48,27,1
Siswa_838,IPA,81.2,82.4,82.8,78.2,81.16,58,1
Siswa_839,IPA,82.9,84.8,88.2,89.1,86.24,37,1
Siswa_840,IPS,90.7,94.7,97.4,98.2,95.27,6,1
Siswa_841,IPA,85.6,88.0,86.2,86.3,86.52,65,1
Siswa_842,IPS,77.8,80.4,82.1,86.5,81.71,6,1
Siswa_843,IPA,89.6,90.8,87.8,87.0,88.8,50,1
Siswa_844,IPS,81.7,85.5,86.6,89.1,85.71,22,1
Siswa_845,IPA,94.4,96.2,100.0,100.0,97.64,88,1
Siswa_846,IPA,90.4,89.7,88.8,92.3,90.29,25,1
Siswa_847,IPA,82.8,86.6,85.9,85.6,85.2,79,1
Siswa_848,IPS,91.4,93.8,96.3,95.9,94.35,90,1
Siswa_849,IPA,85.3,85.5,83.4,86.6,85.18,72,1
Siswa_850,IPA,89.3,89.3,89.0,90.9,89.62,51,1
Siswa_851,IPA,87.4,89.0,91.2,89.1,89.19,88,1
Siswa_852,IPS,80.8,82.7,82.4,82.3,82.06,48,1
Siswa_853,IPA,81.8,83.2,83.7,85.5,83.54,70,1
Siswa_854,IPS,90.1,91.8,94.3,96.9,93.28,99,1
Siswa_855,IPA,83.3,87.7,89.6,89.2,87.46,65,1
Siswa_856,IPA,83.0,86.1,87.7,82.8,84.9,60,1
Siswa_857,IPA,80.2,81.6,81.9,84.0,81.93,46,1
Siswa_858,IPA,87.1,90.0,91.7,90.3,89.79,36,1
Siswa_859,IPA,95.3,94.2,95.0,92.0,94.13,58,1
Siswa_860,IPA,79.7,81.5,83.4,78.7,80.8,76,1
Siswa_861,IPS,85.1,89.7,89.7,92.4,89.25,38,1
Siswa_862,IPA,92.1,92.6,93.3,94.5,93.12,11,1
Siswa_863,IPA,84.6,83.9,82.9,83.5,83.73,12,1
Siswa_864,IPA,87.3,87.0,87.9,91.7,88.44,42,1
Siswa_865,IPA,79.7,78.5,77.9,80.2,79.06,39,1
Siswa_866,IPA,87.1,86.6,85.3,89.6,87.16,71,1
Siswa_867,IPA,84.1,84.3,85.8,84.1,84.57,11,1
Siswa_868,IPA,89.9,88.1,89.5,90.5,89.52,36,1
Siswa_869,IPS,90.9,92.0,94.5,92.3,92.43,52,1
Siswa_870,IPS,97.9,100.0,100.0,100.0,99.49,31,1
Siswa_871,IPA,87.9,87.1,88.9,89.4,88.32,33,1
Siswa_872,IPA,86.6,90.7,92.8,95.0,91.27,13,1
Siswa_873,IPS,86.0,88.0,89.9,91.0,88.71,18,1
Siswa_874,IPA,83.2,86.3,85.6,87.9,85.77,41,1
Siswa_875,IPA,86.7,86.4,87.7,90.1,87.71,58,1
Siswa_876,IPA,83.5,86.2,88.0,93.3,87.75,56,1
Siswa_877,IPS,85.8,84.7,85.7,86.0,85.55,24,1
Siswa_878,IPS,91.6,94.4,91.2,90.3,91.87,73,1
Siswa_879,IPA,80.0,81.3,82.6,84.1,82.01,31,1
Siswa_880,IPA,90.7,92.8,98.2,97.6,94.84,55,1
Siswa_881,IPA,91.6,90.2,90.5,94.5,91.7,10,1
Siswa_882,IPS,84.4,83.6,83.2,83.6,83.7,60,1
Siswa_883,IPA,74.4,76.6,78.3,78.2,76.88,2,1
Siswa_884,IPA,82.0,81.1,82.7,82.7,82.12,15,1
Siswa_885,IPS,91.5,93.4,96.8,99.2,95.23,3,1
Siswa_886,IPA,84.9,83.2,81.6,82.3,83.0,43,1
Siswa_887,IPS,80.0,82.7,85.2,84.9,83.19,31,1
Siswa_888,IPA,82.5,81.0,83.2,87.5,83.55,70,1
Siswa_889,IPA,89.2,91.3,92.0,91.3,90.96,67,1
Siswa_890,IPA,87.7,90.0,91.7,92.7,90.53,56,1
Siswa_891,IPS,83.8,83.4,86.5,88.8,85.62,63,1
Siswa_892,IPS,83.2,85.3,88.1,85.8,85.6,75,1
Siswa_893,IPS,83.0,84.6,83.3,85.2,84.03,15,1
Siswa_894,IPA,80.4,80.3,83.0,81.8,81.37,92,1
Siswa_895,IPS,93.1,92.1,92.9,95.6,93.41,10,1
Siswa_896,IPA,83.4,80.5,81.6,80.7,81.54,38,1
Siswa_897,IPA,91.1,92.8,93.9,96.3,93.53,47,1
Siswa_898,IPS,92.6,90.5,91.2,94.4,92.16,57,1
Siswa_899,IPA,90.0,91.2,94.6,97.3,93.26,50,1
Siswa_900,IPA,82.8,83.3,84.1,85.7,83.99,71,1
Siswa_901,IPA,87.0,89.4,88.1,88.7,88.3,15,1
Siswa_902,IPA,84.9,85.3,85.5,85.3,85.24,18,1
Siswa_903,IPA,80.5,80.8,82.2,86.1,82.4,82,1
Siswa_904,IPA,86.6,89.1,92.5,92.1,90.1,88,1
Siswa_905,IPA,79.1,80.8,83.0,81.9,81.19,2,1
Siswa_906,IPS,90.9,92.6,91.9,94.2,92.39,84,1
Siswa_907,IPS,82.7,84.6,90.6,90.0,86.97,98,1
Siswa_908,IPA,86.0,83.9,85.5,84.6,84.99,43,1
Siswa_909,IPA,86.4,88.9,92.5,90.6,89.61,26,1
Siswa_910,IPA,83.7,85.9,86.6,86.7,85.73,71,1
Siswa_911,IPA,87.9,86.9,89.0,89.8,88.4,38,1
Siswa_912,IPA,82.6,83.1,85.8,87.3,84.72,94,1
Siswa_913,IPS,89.4,90.3,93.7,96.6,92.49,42,1
Siswa_914,IPA,78.3,79.0,82.1,84.2,80.89,5,1
Siswa_915,IPA,85.6,87.3,90.0,90.7,88.41,11,1
Siswa_916,IPA,94.7,98.6,98.9,99.5,97.93,65,1
Siswa_917,IPA,80.0,83.2,83.0,85.0,82.8,34,1
Siswa_918,IPS,81.6,80.0,81.7,85.2,82.11,1,1
Siswa_919,IPS,87.6,89.8,92.7,93.9,91.0,83,1
Siswa_920,IPA,85.9,89.6,90.1,90.2,88.93,2,1
Siswa_921,IPS,86.8,88.5,91.7,90.7,89.4,85,1
Siswa_922,IPA,87.4,90.6,94.5,92.6,91.31,20,1
Siswa_923,IPS,88.2,93.2,92.4,94.7,92.11,61,1
Siswa_924,IPS,90.5,93.6,92.9,95.1,93.04,87,1
Siswa_925,IPA,87.0,88.5,89.3,91.4,89.07,21,1
Siswa_926,IPA,83.8,86.9,88.5,89.2,87.1,88,1
Siswa_927,IPA,88.4,89.7,89.6,93.4,90.26,68,1
Siswa_928,IPA,94.5,95.5,99.3,99.3,97.15,12,1
Siswa_929,IPS,84.3,84.6,86.5,89.4,86.21,22,1
Siswa_930,IPA,80.1,84.3,85.3,86.3,83.99,20,1
Siswa_931,IPA,90.5,89.9,88.0,87.8,89.07,82,1
Siswa_932,IPS,84.4,88.5,86.8,89.0,87.18,1,1
Siswa_933,IPS,74.1,76.1,77.7,79.5,76.87,30,1
Siswa_934,IPA,89.2,87.4,84.2,85.9,86.68,97,1
Siswa_935,IPA,82.3,84.1,87.1,88.2,85.43,24,1
Siswa_936,IPA,84.5,81.3,82.0,83.0,82.72,14,1
Siswa_937,IPA,86.7,88.9,96.4,100.0,92.99,36,1
Siswa_938,IPS,86.0,88.7,94.3,97.7,91.68,69,1
Siswa_939,IPA,88.5,88.4,89.0,91.4,89.34,75,1
Siswa_940,IPA,82.8,84.1,84.9,86.1,84.46,24,1
Siswa_941,IPA,87.6,92.5,95.5,98.5,93.5,60,1
Siswa_942,IPA,83.7,83.7,88.1,90.1,86.41,95,1
Siswa_943,IPS,88.7,87.6,85.3,86.4,86.98,55,1
Siswa_944,IPS,88.1,92.0,89.5,89.9,89.86,77,1
Siswa_945,IPA,80.3,85.2,85.0,85.8,84.1,80,1
Siswa_946,IPA,90.4,91.4,93.6,88.3,90.93,24,1
Siswa_947,IPA,82.3,85.3,87.3,88.8,85.94,77,1
Siswa_948,IPS,89.0,92.7,95.9,95.9,93.38,24,1
Siswa_949,IPS,86.8,86.4,85.0,89.1,86.82,54,1
Siswa_950,IPA,94.2,94.2,90.6,91.6,92.66,26,1
Siswa_951,IPS,83.9,87.3,90.1,88.7,87.49,66,1
Siswa_952,IPS,83.3,87.6,87.0,87.9,86.43,80,1
Siswa_953,IPA,84.9,87.0,84.0,82.9,84.71,38,1
Siswa_954,IPS,83.5,82.7,84.0,86.0,84.05,65,1
Siswa_955,IPA,89.0,94.0,96.6,98.1,94.42,75,1
Siswa_956,IPA,76.9,76.9,77.6,80.5,77.98,51,1
Siswa_957,IPA,79.7,80.1,80.1,79.6,79.88,35,1
Siswa_958,IPA,79.7,81.3,82.0,83.1,81.53,43,1
Siswa_959,IPA,89.8,93.9,94.1,92.4,92.53,29,1
Siswa_960,IPS,93.6,96.3,94.6,97.0,95.34,37,1
Siswa_961,IPA,84.5,86.3,85.9,87.9,86.14,81,1
Siswa_962,IPS,84.2,86.1,88.1,90.1,87.12,58,1
Siswa_963,IPA,85.4,86.4,88.1,89.1,87.24,54,1
Siswa_964,IPA,90.8,92.9,94.3,96.1,93.52,39,1
Siswa_965,IPA,80.4,76.3,75.3,79.5,77.88,42,1
Siswa_966,IPA,86.2,86.6,87.2,87.7,86.92,28,1
Siswa_967,IPS,89.9,91.4,88.0,89.3,89.63,29,1
Siswa_968,IPA,87.5,86.2,87.6,86.4,86.91,43,1
Siswa_969,IPA,85.9,87.7,91.6,90.8,89.02,3,1
Siswa_970,IPA,90.0,90.6,88.6,89.8,89.77,10,1
Siswa_971,IPS,71.5,76.0,75.8,79.0,75.58,59,1
Siswa_972,IPS,88.4,92.5,94.2,94.7,92.45,14,1
Siswa_973,IPS,81.7,81.8,85.3,85.8,83.67,76,1
Siswa_974,IPA,75.8,76.5,76.6,76.8,76.47,47,1
Siswa_975,IPA,87.6,88.4,88.0,88.0,87.99,42,1
Siswa_976,IPA,91.9,92.0,89.0,90.6,90.87,94,1
Siswa_977,IPA,84.3,85.7,86.9,84.9,85.46,32,1
Siswa_978,IPA,89.8,89.2,94.3,97.9,92.81,32,1
Siswa_979,IPA,93.1,91.8,93.4,93.0,92.81,42,1
Siswa_980,IPA,91.6,93.8,94.8,97.2,94.35,32,1
Siswa_981,IPA,93.2,95.5,97.1,95.6,95.33,26,1
Siswa_982,IPS,88.7,88.1,89.1,91.4,89.33,1,1
Siswa_983,IPA,85.4,88.2,87.5,89.9,87.74,56,1
Siswa_984,IPA,77.0,76.7,79.4,81.1,78.56,2,1
Siswa_985,IPS,83.8,85.3,86.7,85.7,85.38,81,1
Siswa_986,IPA,80.8,83.4,84.5,86.0,83.66,30,1
Siswa_987,IPS,95.9,96.8,95.8,94.5,95.74,71,1
Siswa_988,IPA,84.1,86.0,89.6,90.1,87.48,52,1
Siswa_989,IPA,85.6,85.6,87.9,91.0,87.52,91,1
Siswa_990,IPS,87.8,88.4,88.3,90.9,88.81,9,1
Siswa_991,IPS,85.2,85.8,88.8,89.8,87.42,22,1
Siswa_992,IPS,93.5,93.0,93.0,92.0,92.87,34,1
Siswa_993,IPA,81.9,82.5,82.0,84.3,82.66,49,1
Siswa_994,IPA,86.0,83.9,83.4,84.4,84.4,1,1
Siswa_995,IPA,81.3,81.3,78.8,75.1,79.12,73,1
Siswa_996,IPA,78.4,78.8,80.8,83.3,80.34,84,1
Siswa_997,IPS,81.9,82.4,79.8,80.7,81.21,53,1
Siswa_998,IPA,84.8,85.3,83.9,87.3,85.33,83,1
Siswa_999,IPS,82.9,83.7,80.6,79.4,81.64,100,1
Siswa_1000,IPA,81.5,83.5,84.3,79.0,82.08,40,1
